"NAME","SUBSYSTEM","COUNT","MAX_COUNT","MIN_COUNT","AVG_COUNT","COUNT_RESET","MAX_COUNT_RESET","MIN_COUNT_RESET","AVG_COUNT_RESET","TIME_ENABLED","TIME_DISABLED","TIME_ELAPSED","TIME_RESET","STATUS","TYPE","COMMENT"
"metadata_table_handles_opened","metadata","0","NULL","NULL","NULL","0","NULL","NULL","NULL","NULL","NULL","NULL","NULL","disabled","counter","Number of table handles opened"
"metadata_table_handles_closed","metadata","0","NULL","NULL","NULL","0","NULL","NULL","NULL","NULL","NULL","NULL","NULL","disabled","counter","Number of table handles closed"
"metadata_table_reference_count","metadata","0","NULL","NULL","NULL","0","NULL","NULL","NULL","NULL","NULL","NULL","NULL","disabled","counter","Table reference counter"
"metadata_mem_pool_size","metadata","8388608","8388608","8388608","NULL","8388608","8388608","8388608","NULL","2023-09-09 08:53:06","NULL","42","NULL","enabled","value","Size of a memory pool InnoDB uses to store data dictionary and internal data structures in bytes"
"lock_deadlocks","lock","0","NULL","NULL","0","0","NULL","NULL","NULL","2023-09-09 08:53:06","NULL","42","NULL","enabled","counter","Number of deadlocks"
"lock_timeouts","lock","0","NULL","NULL","0","0","NULL","NULL","NULL","2023-09-09 08:53:06","NULL","42","NULL","enabled","counter","Number of lock timeouts"
"lock_rec_lock_waits","lock","0","NULL","NULL","NULL","0","NULL","NULL","NULL","NULL","NULL","NULL","NULL","disabled","counter","Number of times enqueued into record lock wait queue"
"lock_table_lock_waits","lock","0","NULL","NULL","NULL","0","NULL","NULL","NULL","NULL","NULL","NULL","NULL","disabled","counter","Number of times enqueued into table lock wait queue"
"lock_rec_lock_requests","lock","0","NULL","NULL","NULL","0","NULL","NULL","NULL","NULL","NULL","NULL","NULL","disabled","counter","Number of record locks requested"
"lock_rec_lock_created","lock","0","NULL","NULL","NULL","0","NULL","NULL","NULL","NULL","NULL","NULL","NULL","disabled","counter","Number of record locks created"
"lock_rec_lock_removed","lock","0","NULL","NULL","NULL","0","NULL","NULL","NULL","NULL","NULL","NULL","NULL","disabled","counter","Number of record locks removed from the lock queue"
"lock_rec_locks","lock","0","NULL","NULL","NULL","0","NULL","NULL","NULL","NULL","NULL","NULL","NULL","disabled","counter","Current number of record locks on tables"
"lock_table_lock_created","lock","0","NULL","NULL","NULL","0","NULL","NULL","NULL","NULL","NULL","NULL","NULL","disabled","counter","Number of table locks created"
"lock_table_lock_removed","lock","0","NULL","NULL","NULL","0","NULL","NULL","NULL","NULL","NULL","NULL","NULL","disabled","counter","Number of table locks removed from the lock queue"
"lock_table_locks","lock","0","NULL","NULL","NULL","0","NULL","NULL","NULL","NULL","NULL","NULL","NULL","disabled","counter","Current number of table locks on tables"
"lock_row_lock_current_waits","lock","0","0","NULL","0","0","0","NULL","NULL","2023-09-09 08:53:06","NULL","42","NULL","enabled","status_counter","Number of row locks currently being waited for (innodb_row_lock_current_waits)"
"lock_row_lock_time","lock","0","0","NULL","0","0","0","NULL","NULL","2023-09-09 08:53:06","NULL","42","NULL","enabled","status_counter","Time spent in acquiring row locks, in milliseconds (innodb_row_lock_time)"
"lock_row_lock_time_max","lock","0","0","0","NULL","0","0","0","NULL","2023-09-09 08:53:06","NULL","42","NULL","enabled","value","The maximum time to acquire a row lock, in milliseconds (innodb_row_lock_time_max)"
"lock_row_lock_waits","lock","0","0","NULL","0","0","0","NULL","NULL","2023-09-09 08:53:06","NULL","42","NULL","enabled","status_counter","Number of times a row lock had to be waited for (innodb_row_lock_waits)"
"lock_row_lock_time_avg","lock","0","0","0","NULL","0","0","0","NULL","2023-09-09 08:53:06","NULL","42","NULL","enabled","value","The average time to acquire a row lock, in milliseconds (innodb_row_lock_time_avg)"
"buffer_pool_size","server","134217728","134217728","134217728","NULL","134217728","134217728","134217728","NULL","2023-09-09 08:53:06","NULL","42","NULL","enabled","value","Server buffer pool size (all buffer pools) in bytes"
"buffer_pool_reads","buffer","307","307","NULL","7.309523809523809","307","307","NULL","NULL","2023-09-09 08:53:06","NULL","42","NULL","enabled","status_counter","Number of reads directly from disk (innodb_buffer_pool_reads)"
"buffer_pool_read_requests","buffer","20536889","20536889","NULL","488973.54761904763","20536889","20536889","NULL","NULL","2023-09-09 08:53:06","NULL","42","NULL","enabled","status_counter","Number of logical read requests (innodb_buffer_pool_read_requests)"
"buffer_pool_write_requests","buffer","8300265","8300265","NULL","197625.35714285713","8300265","8300265","NULL","NULL","2023-09-09 08:53:06","NULL","42","NULL","enabled","status_counter","Number of write requests (innodb_buffer_pool_write_requests)"
"buffer_pool_wait_free","buffer","0","0","NULL","0","0","0","NULL","NULL","2023-09-09 08:53:06","NULL","42","NULL","enabled","status_counter","Number of times waited for free buffer (innodb_buffer_pool_wait_free)"
"buffer_pool_read_ahead","buffer","255","255","NULL","6.071428571428571","255","255","NULL","NULL","2023-09-09 08:53:06","NULL","42","NULL","enabled","status_counter","Number of pages read as read ahead (innodb_buffer_pool_read_ahead)"
"buffer_pool_read_ahead_evicted","buffer","0","0","NULL","0","0","0","NULL","NULL","2023-09-09 08:53:06","NULL","42","NULL","enabled","status_counter","Read-ahead pages evicted without being accessed (innodb_buffer_pool_read_ahead_evicted)"
"buffer_pool_pages_total","buffer","8191","8191","8191","NULL","8191","8191","8191","NULL","2023-09-09 08:53:06","NULL","42","NULL","enabled","value","Total buffer pool size in pages (innodb_buffer_pool_pages_total)"
"buffer_pool_pages_misc","buffer","187","187","187","NULL","187","187","187","NULL","2023-09-09 08:53:06","NULL","42","NULL","enabled","value","Buffer pages for misc use such as row locks or the adaptive hash index (innodb_buffer_pool_pages_misc)"
"buffer_pool_pages_data","buffer","6981","6981","6981","NULL","6981","6981","6981","NULL","2023-09-09 08:53:06","NULL","42","NULL","enabled","value","Buffer pages containing data (innodb_buffer_pool_pages_data)"
"buffer_pool_bytes_data","buffer","114376704","114376704","114376704","NULL","114376704","114376704","114376704","NULL","2023-09-09 08:53:06","NULL","42","NULL","enabled","value","Buffer bytes containing data (innodb_buffer_pool_bytes_data)"
"buffer_pool_pages_dirty","buffer","0","0","0","NULL","0","0","0","NULL","2023-09-09 08:53:06","NULL","42","NULL","enabled","value","Buffer pages currently dirty (innodb_buffer_pool_pages_dirty)"
"buffer_pool_bytes_dirty","buffer","0","0","0","NULL","0","0","0","NULL","2023-09-09 08:53:06","NULL","42","NULL","enabled","value","Buffer bytes currently dirty (innodb_buffer_pool_bytes_dirty)"
"buffer_pool_pages_free","buffer","1023","1023","1023","NULL","1023","1023","1023","NULL","2023-09-09 08:53:06","NULL","42","NULL","enabled","value","Buffer pages currently free (innodb_buffer_pool_pages_free)"
"buffer_pages_created","buffer","9263","9263","NULL","220.54761904761904","9263","9263","NULL","NULL","2023-09-09 08:53:06","NULL","42","NULL","enabled","status_counter","Number of pages created (innodb_pages_created)"
"buffer_pages_written","buffer","9634","9634","NULL","229.38095238095238","9634","9634","NULL","NULL","2023-09-09 08:53:06","NULL","42","NULL","enabled","status_counter","Number of pages written (innodb_pages_written)"
"buffer_pages_read","buffer","561","561","NULL","13.357142857142858","561","561","NULL","NULL","2023-09-09 08:53:06","NULL","42","NULL","enabled","status_counter","Number of pages read (innodb_pages_read)"
"buffer_data_reads","buffer","9277440","9277440","NULL","220891.42857142858","9277440","9277440","NULL","NULL","2023-09-09 08:53:06","NULL","42","NULL","enabled","status_counter","Amount of data read in bytes (innodb_data_reads)"
"buffer_data_written","buffer","606835200","606835200","NULL","14448457.142857144","606835200","606835200","NULL","NULL","2023-09-09 08:53:06","NULL","42","NULL","enabled","status_counter","Amount of data written in bytes (innodb_data_written)"
"buffer_flush_batch_scanned","buffer","0","NULL","NULL","NULL","0","NULL","NULL","NULL","NULL","NULL","NULL","NULL","disabled","set_owner","Total pages scanned as part of flush batch"
"buffer_flush_batch_num_scan","buffer","0","NULL","NULL","NULL","0","NULL","NULL","NULL","NULL","NULL","NULL","NULL","disabled","set_member","Number of times buffer flush list flush is called"
"buffer_flush_batch_scanned_per_call","buffer","0","NULL","NULL","NULL","0","NULL","NULL","NULL","NULL","NULL","NULL","NULL","disabled","set_member","Pages scanned per flush batch scan"
"buffer_flush_batch_rescan","buffer","0","NULL","NULL","NULL","0","NULL","NULL","NULL","NULL","NULL","NULL","NULL","disabled","counter","Number of times rescan of flush list forced"
"buffer_flush_batch_total_pages","buffer","0","NULL","NULL","NULL","0","NULL","NULL","NULL","NULL","NULL","NULL","NULL","disabled","set_owner","Total pages flushed as part of flush batch"
"buffer_flush_batches","buffer","0","NULL","NULL","NULL","0","NULL","NULL","NULL","NULL","NULL","NULL","NULL","disabled","set_member","Number of flush batches"
"buffer_flush_batch_pages","buffer","0","NULL","NULL","NULL","0","NULL","NULL","NULL","NULL","NULL","NULL","NULL","disabled","set_member","Pages queued as a flush batch"
"buffer_flush_neighbor_total_pages","buffer","0","NULL","NULL","NULL","0","NULL","NULL","NULL","NULL","NULL","NULL","NULL","disabled","set_owner","Total neighbors flushed as part of neighbor flush"
"buffer_flush_neighbor","buffer","0","NULL","NULL","NULL","0","NULL","NULL","NULL","NULL","NULL","NULL","NULL","disabled","set_member","Number of times neighbors flushing is invoked"
"buffer_flush_neighbor_pages","buffer","0","NULL","NULL","NULL","0","NULL","NULL","NULL","NULL","NULL","NULL","NULL","disabled","set_member","Pages queued as a neighbor batch"
"buffer_flush_n_to_flush_requested","buffer","0","NULL","NULL","NULL","0","NULL","NULL","NULL","NULL","NULL","NULL","NULL","disabled","counter","Number of pages requested for flushing."
"buffer_flush_avg_page_rate","buffer","0","NULL","NULL","NULL","0","NULL","NULL","NULL","NULL","NULL","NULL","NULL","disabled","counter","Average number of pages at which flushing is happening"
"buffer_flush_lsn_avg_rate","buffer","0","NULL","NULL","NULL","0","NULL","NULL","NULL","NULL","NULL","NULL","NULL","disabled","counter","Average redo generation rate"
"buffer_flush_pct_for_dirty","buffer","0","NULL","NULL","NULL","0","NULL","NULL","NULL","NULL","NULL","NULL","NULL","disabled","counter","Percent of IO capacity used to avoid max dirty page limit"
"buffer_flush_pct_for_lsn","buffer","0","NULL","NULL","NULL","0","NULL","NULL","NULL","NULL","NULL","NULL","NULL","disabled","counter","Percent of IO capacity used to avoid reusable redo space limit"
"buffer_flush_sync_waits","buffer","0","NULL","NULL","NULL","0","NULL","NULL","NULL","NULL","NULL","NULL","NULL","disabled","counter","Number of times a wait happens due to sync flushing"
"buffer_flush_adaptive_total_pages","buffer","0","NULL","NULL","NULL","0","NULL","NULL","NULL","NULL","NULL","NULL","NULL","disabled","set_owner","Total pages flushed as part of adaptive flushing"
"buffer_flush_adaptive","buffer","0","NULL","NULL","NULL","0","NULL","NULL","NULL","NULL","NULL","NULL","NULL","disabled","set_member","Number of adaptive batches"
"buffer_flush_adaptive_pages","buffer","0","NULL","NULL","NULL","0","NULL","NULL","NULL","NULL","NULL","NULL","NULL","disabled","set_member","Pages queued as an adaptive batch"
"buffer_flush_sync_total_pages","buffer","0","NULL","NULL","NULL","0","NULL","NULL","NULL","NULL","NULL","NULL","NULL","disabled","set_owner","Total pages flushed as part of sync batches"
"buffer_flush_sync","buffer","0","NULL","NULL","NULL","0","NULL","NULL","NULL","NULL","NULL","NULL","NULL","disabled","set_member","Number of sync batches"
"buffer_flush_sync_pages","buffer","0","NULL","NULL","NULL","0","NULL","NULL","NULL","NULL","NULL","NULL","NULL","disabled","set_member","Pages queued as a sync batch"
"buffer_flush_background_total_pages","buffer","0","NULL","NULL","NULL","0","NULL","NULL","NULL","NULL","NULL","NULL","NULL","disabled","set_owner","Total pages flushed as part of background batches"
"buffer_flush_background","buffer","0","NULL","NULL","NULL","0","NULL","NULL","NULL","NULL","NULL","NULL","NULL","disabled","set_member","Number of background batches"
"buffer_flush_background_pages","buffer","0","NULL","NULL","NULL","0","NULL","NULL","NULL","NULL","NULL","NULL","NULL","disabled","set_member","Pages queued as a background batch"
"buffer_LRU_batch_scanned","buffer","0","NULL","NULL","NULL","0","NULL","NULL","NULL","NULL","NULL","NULL","NULL","disabled","set_owner","Total pages scanned as part of LRU batch"
"buffer_LRU_batch_num_scan","buffer","0","NULL","NULL","NULL","0","NULL","NULL","NULL","NULL","NULL","NULL","NULL","disabled","set_member","Number of times LRU batch is called"
"buffer_LRU_batch_scanned_per_call","buffer","0","NULL","NULL","NULL","0","NULL","NULL","NULL","NULL","NULL","NULL","NULL","disabled","set_member","Pages scanned per LRU batch call"
"buffer_LRU_batch_total_pages","buffer","0","NULL","NULL","NULL","0","NULL","NULL","NULL","NULL","NULL","NULL","NULL","disabled","set_owner","Total pages flushed as part of LRU batches"
"buffer_LRU_batches","buffer","0","NULL","NULL","NULL","0","NULL","NULL","NULL","NULL","NULL","NULL","NULL","disabled","set_member","Number of LRU batches"
"buffer_LRU_batch_pages","buffer","0","NULL","NULL","NULL","0","NULL","NULL","NULL","NULL","NULL","NULL","NULL","disabled","set_member","Pages queued as an LRU batch"
"buffer_LRU_single_flush_scanned","buffer","0","NULL","NULL","NULL","0","NULL","NULL","NULL","NULL","NULL","NULL","NULL","disabled","set_owner","Total pages scanned as part of single page LRU flush"
"buffer_LRU_single_flush_num_scan","buffer","0","NULL","NULL","NULL","0","NULL","NULL","NULL","NULL","NULL","NULL","NULL","disabled","set_member","Number of times single page LRU flush is called"
"buffer_LRU_single_flush_scanned_per_call","buffer","0","NULL","NULL","NULL","0","NULL","NULL","NULL","NULL","NULL","NULL","NULL","disabled","set_member","Page scanned per single LRU flush"
"buffer_LRU_single_flush_failure_count","Buffer","0","NULL","NULL","NULL","0","NULL","NULL","NULL","NULL","NULL","NULL","NULL","disabled","counter","Number of times attempt to flush a single page from LRU failed"
"buffer_LRU_get_free_search","Buffer","0","NULL","NULL","NULL","0","NULL","NULL","NULL","NULL","NULL","NULL","NULL","disabled","counter","Number of searches performed for a clean page"
"buffer_LRU_search_scanned","buffer","0","NULL","NULL","NULL","0","NULL","NULL","NULL","NULL","NULL","NULL","NULL","disabled","set_owner","Total pages scanned as part of LRU search"
"buffer_LRU_search_num_scan","buffer","0","NULL","NULL","NULL","0","NULL","NULL","NULL","NULL","NULL","NULL","NULL","disabled","set_member","Number of times LRU search is performed"
"buffer_LRU_search_scanned_per_call","buffer","0","NULL","NULL","NULL","0","NULL","NULL","NULL","NULL","NULL","NULL","NULL","disabled","set_member","Page scanned per single LRU search"
"buffer_LRU_unzip_search_scanned","buffer","0","NULL","NULL","NULL","0","NULL","NULL","NULL","NULL","NULL","NULL","NULL","disabled","set_owner","Total pages scanned as part of LRU unzip search"
"buffer_LRU_unzip_search_num_scan","buffer","0","NULL","NULL","NULL","0","NULL","NULL","NULL","NULL","NULL","NULL","NULL","disabled","set_member","Number of times LRU unzip search is performed"
"buffer_LRU_unzip_search_scanned_per_call","buffer","0","NULL","NULL","NULL","0","NULL","NULL","NULL","NULL","NULL","NULL","NULL","disabled","set_member","Page scanned per single LRU unzip search"
"buffer_page_read_index_leaf","buffer_page_io","0","NULL","NULL","NULL","0","NULL","NULL","NULL","NULL","NULL","NULL","NULL","disabled","counter","Number of Index Leaf Pages read"
"buffer_page_read_index_non_leaf","buffer_page_io","0","NULL","NULL","NULL","0","NULL","NULL","NULL","NULL","NULL","NULL","NULL","disabled","counter","Number of Index Non-leaf Pages read"
"buffer_page_read_index_ibuf_leaf","buffer_page_io","0","NULL","NULL","NULL","0","NULL","NULL","NULL","NULL","NULL","NULL","NULL","disabled","counter","Number of Insert Buffer Index Leaf Pages read"
"buffer_page_read_index_ibuf_non_leaf","buffer_page_io","0","NULL","NULL","NULL","0","NULL","NULL","NULL","NULL","NULL","NULL","NULL","disabled","counter","Number of Insert Buffer Index Non-Leaf Pages read"
"buffer_page_read_undo_log","buffer_page_io","0","NULL","NULL","NULL","0","NULL","NULL","NULL","NULL","NULL","NULL","NULL","disabled","counter","Number of Undo Log Pages read"
"buffer_page_read_index_inode","buffer_page_io","0","NULL","NULL","NULL","0","NULL","NULL","NULL","NULL","NULL","NULL","NULL","disabled","counter","Number of Index Inode Pages read"
"buffer_page_read_ibuf_free_list","buffer_page_io","0","NULL","NULL","NULL","0","NULL","NULL","NULL","NULL","NULL","NULL","NULL","disabled","counter","Number of Insert Buffer Free List Pages read"
"buffer_page_read_ibuf_bitmap","buffer_page_io","0","NULL","NULL","NULL","0","NULL","NULL","NULL","NULL","NULL","NULL","NULL","disabled","counter","Number of Insert Buffer Bitmap Pages read"
"buffer_page_read_system_page","buffer_page_io","0","NULL","NULL","NULL","0","NULL","NULL","NULL","NULL","NULL","NULL","NULL","disabled","counter","Number of System Pages read"
"buffer_page_read_trx_system","buffer_page_io","0","NULL","NULL","NULL","0","NULL","NULL","NULL","NULL","NULL","NULL","NULL","disabled","counter","Number of Transaction System Pages read"
"buffer_page_read_fsp_hdr","buffer_page_io","0","NULL","NULL","NULL","0","NULL","NULL","NULL","NULL","NULL","NULL","NULL","disabled","counter","Number of File Space Header Pages read"
"buffer_page_read_xdes","buffer_page_io","0","NULL","NULL","NULL","0","NULL","NULL","NULL","NULL","NULL","NULL","NULL","disabled","counter","Number of Extent Descriptor Pages read"
"buffer_page_read_blob","buffer_page_io","0","NULL","NULL","NULL","0","NULL","NULL","NULL","NULL","NULL","NULL","NULL","disabled","counter","Number of Uncompressed BLOB Pages read"
"buffer_page_read_zblob","buffer_page_io","0","NULL","NULL","NULL","0","NULL","NULL","NULL","NULL","NULL","NULL","NULL","disabled","counter","Number of First Compressed BLOB Pages read"
"buffer_page_read_zblob2","buffer_page_io","0","NULL","NULL","NULL","0","NULL","NULL","NULL","NULL","NULL","NULL","NULL","disabled","counter","Number of Subsequent Compressed BLOB Pages read"
"buffer_page_read_other","buffer_page_io","0","NULL","NULL","NULL","0","NULL","NULL","NULL","NULL","NULL","NULL","NULL","disabled","counter","Number of other/unknown (old version of InnoDB) Pages read"
"buffer_page_written_index_leaf","buffer_page_io","0","NULL","NULL","NULL","0","NULL","NULL","NULL","NULL","NULL","NULL","NULL","disabled","counter","Number of Index Leaf Pages written"
"buffer_page_written_index_non_leaf","buffer_page_io","0","NULL","NULL","NULL","0","NULL","NULL","NULL","NULL","NULL","NULL","NULL","disabled","counter","Number of Index Non-leaf Pages written"
"buffer_page_written_index_ibuf_leaf","buffer_page_io","0","NULL","NULL","NULL","0","NULL","NULL","NULL","NULL","NULL","NULL","NULL","disabled","counter","Number of Insert Buffer Index Leaf Pages written"
"buffer_page_written_index_ibuf_non_leaf","buffer_page_io","0","NULL","NULL","NULL","0","NULL","NULL","NULL","NULL","NULL","NULL","NULL","disabled","counter","Number of Insert Buffer Index Non-Leaf Pages written"
"buffer_page_written_undo_log","buffer_page_io","0","NULL","NULL","NULL","0","NULL","NULL","NULL","NULL","NULL","NULL","NULL","disabled","counter","Number of Undo Log Pages written"
"buffer_page_written_index_inode","buffer_page_io","0","NULL","NULL","NULL","0","NULL","NULL","NULL","NULL","NULL","NULL","NULL","disabled","counter","Number of Index Inode Pages written"
"buffer_page_written_ibuf_free_list","buffer_page_io","0","NULL","NULL","NULL","0","NULL","NULL","NULL","NULL","NULL","NULL","NULL","disabled","counter","Number of Insert Buffer Free List Pages written"
"buffer_page_written_ibuf_bitmap","buffer_page_io","0","NULL","NULL","NULL","0","NULL","NULL","NULL","NULL","NULL","NULL","NULL","disabled","counter","Number of Insert Buffer Bitmap Pages written"
"buffer_page_written_system_page","buffer_page_io","0","NULL","NULL","NULL","0","NULL","NULL","NULL","NULL","NULL","NULL","NULL","disabled","counter","Number of System Pages written"
"buffer_page_written_trx_system","buffer_page_io","0","NULL","NULL","NULL","0","NULL","NULL","NULL","NULL","NULL","NULL","NULL","disabled","counter","Number of Transaction System Pages written"
"buffer_page_written_fsp_hdr","buffer_page_io","0","NULL","NULL","NULL","0","NULL","NULL","NULL","NULL","NULL","NULL","NULL","disabled","counter","Number of File Space Header Pages written"
"buffer_page_written_xdes","buffer_page_io","0","NULL","NULL","NULL","0","NULL","NULL","NULL","NULL","NULL","NULL","NULL","disabled","counter","Number of Extent Descriptor Pages written"
"buffer_page_written_blob","buffer_page_io","0","NULL","NULL","NULL","0","NULL","NULL","NULL","NULL","NULL","NULL","NULL","disabled","counter","Number of Uncompressed BLOB Pages written"
"buffer_page_written_zblob","buffer_page_io","0","NULL","NULL","NULL","0","NULL","NULL","NULL","NULL","NULL","NULL","NULL","disabled","counter","Number of First Compressed BLOB Pages written"
"buffer_page_written_zblob2","buffer_page_io","0","NULL","NULL","NULL","0","NULL","NULL","NULL","NULL","NULL","NULL","NULL","disabled","counter","Number of Subsequent Compressed BLOB Pages written"
"buffer_page_written_other","buffer_page_io","0","NULL","NULL","NULL","0","NULL","NULL","NULL","NULL","NULL","NULL","NULL","disabled","counter","Number of other/unknown (old version InnoDB) Pages written"
"os_data_reads","os","327","327","NULL","7.785714285714286","327","327","NULL","NULL","2023-09-09 08:53:06","NULL","42","NULL","enabled","status_counter","Number of reads initiated (innodb_data_reads)"
"os_data_writes","os","1052","1052","NULL","25.047619047619047","1052","1052","NULL","NULL","2023-09-09 08:53:06","NULL","42","NULL","enabled","status_counter","Number of writes initiated (innodb_data_writes)"
"os_data_fsyncs","os","910","910","NULL","21.666666666666668","910","910","NULL","NULL","2023-09-09 08:53:06","NULL","42","NULL","enabled","status_counter","Number of fsync() calls (innodb_data_fsyncs)"
"os_pending_reads","os","0","NULL","NULL","NULL","0","NULL","NULL","NULL","NULL","NULL","NULL","NULL","disabled","counter","Number of reads pending"
"os_pending_writes","os","0","NULL","NULL","NULL","0","NULL","NULL","NULL","NULL","NULL","NULL","NULL","disabled","counter","Number of writes pending"
"os_log_bytes_written","os","291112960","291112960","NULL","6931260.952380952","291112960","291112960","NULL","NULL","2023-09-09 08:53:06","NULL","42","NULL","enabled","status_counter","Bytes of log written (innodb_os_log_written)"
"os_log_fsyncs","os","289","289","NULL","6.880952380952381","289","289","NULL","NULL","2023-09-09 08:53:06","NULL","42","NULL","enabled","status_counter","Number of fsync log writes (innodb_os_log_fsyncs)"
"os_log_pending_fsyncs","os","0","0","0","0","0","0","0","NULL","2023-09-09 08:53:06","NULL","42","NULL","enabled","status_counter","Number of pending fsync write (innodb_os_log_pending_fsyncs)"
"os_log_pending_writes","os","0","0","0","0","0","0","0","NULL","2023-09-09 08:53:06","NULL","42","NULL","enabled","status_counter","Number of pending log file writes (innodb_os_log_pending_writes)"
"trx_rw_commits","transaction","0","NULL","NULL","NULL","0","NULL","NULL","NULL","NULL","NULL","NULL","NULL","disabled","counter","Number of read-write transactions committed"
"trx_ro_commits","transaction","0","NULL","NULL","NULL","0","NULL","NULL","NULL","NULL","NULL","NULL","NULL","disabled","counter","Number of read-only transactions committed"
"trx_nl_ro_commits","transaction","0","NULL","NULL","NULL","0","NULL","NULL","NULL","NULL","NULL","NULL","NULL","disabled","counter","Number of non-locking auto-commit read-only transactions committed"
"trx_commits_insert_update","transaction","0","NULL","NULL","NULL","0","NULL","NULL","NULL","NULL","NULL","NULL","NULL","disabled","counter","Number of transactions committed with inserts and updates"
"trx_rollbacks","transaction","0","NULL","NULL","NULL","0","NULL","NULL","NULL","NULL","NULL","NULL","NULL","disabled","counter","Number of transactions rolled back"
"trx_rollbacks_savepoint","transaction","0","NULL","NULL","NULL","0","NULL","NULL","NULL","NULL","NULL","NULL","NULL","disabled","counter","Number of transactions rolled back to savepoint"
"trx_rollback_active","transaction","0","NULL","NULL","NULL","0","NULL","NULL","NULL","NULL","NULL","NULL","NULL","disabled","counter","Number of resurrected active transactions rolled back"
"trx_active_transactions","transaction","0","NULL","NULL","NULL","0","NULL","NULL","NULL","NULL","NULL","NULL","NULL","disabled","counter","Number of active transactions"
"trx_rseg_history_len","transaction","12","12","12","NULL","12","12","12","NULL","2023-09-09 08:53:06","NULL","42","NULL","enabled","value","Length of the TRX_RSEG_HISTORY list"
"trx_undo_slots_used","transaction","0","NULL","NULL","NULL","0","NULL","NULL","NULL","NULL","NULL","NULL","NULL","disabled","counter","Number of undo slots used"
"trx_undo_slots_cached","transaction","0","NULL","NULL","NULL","0","NULL","NULL","NULL","NULL","NULL","NULL","NULL","disabled","counter","Number of undo slots cached"
"trx_rseg_current_size","transaction","0","NULL","NULL","NULL","0","NULL","NULL","NULL","NULL","NULL","NULL","NULL","disabled","value","Current rollback segment size in pages"
"purge_del_mark_records","purge","0","NULL","NULL","NULL","0","NULL","NULL","NULL","NULL","NULL","NULL","NULL","disabled","counter","Number of delete-marked rows purged"
"purge_upd_exist_or_extern_records","purge","0","NULL","NULL","NULL","0","NULL","NULL","NULL","NULL","NULL","NULL","NULL","disabled","counter","Number of purges on updates of existing records and  updates on delete marked record with externally stored field"
"purge_invoked","purge","0","NULL","NULL","NULL","0","NULL","NULL","NULL","NULL","NULL","NULL","NULL","disabled","counter","Number of times purge was invoked"
"purge_undo_log_pages","purge","0","NULL","NULL","NULL","0","NULL","NULL","NULL","NULL","NULL","NULL","NULL","disabled","counter","Number of undo log pages handled by the purge"
"purge_dml_delay_usec","purge","0","NULL","NULL","NULL","0","NULL","NULL","NULL","NULL","NULL","NULL","NULL","disabled","value","Microseconds DML to be delayed due to purge lagging"
"purge_stop_count","purge","0","NULL","NULL","NULL","0","NULL","NULL","NULL","NULL","NULL","NULL","NULL","disabled","value","Number of times purge was stopped"
"purge_resume_count","purge","0","NULL","NULL","NULL","0","NULL","NULL","NULL","NULL","NULL","NULL","NULL","disabled","value","Number of times purge was resumed"
"log_checkpoints","recovery","0","NULL","NULL","NULL","0","NULL","NULL","NULL","NULL","NULL","NULL","NULL","disabled","counter","Number of checkpoints"
"log_lsn_last_flush","recovery","0","NULL","NULL","NULL","0","NULL","NULL","NULL","NULL","NULL","NULL","NULL","disabled","value","LSN of Last flush"
"log_lsn_last_checkpoint","recovery","0","NULL","NULL","NULL","0","NULL","NULL","NULL","NULL","NULL","NULL","NULL","disabled","value","LSN at last checkpoint"
"log_lsn_current","recovery","0","NULL","NULL","NULL","0","NULL","NULL","NULL","NULL","NULL","NULL","NULL","disabled","value","Current LSN value"
"log_lsn_checkpoint_age","recovery","0","NULL","NULL","NULL","0","NULL","NULL","NULL","NULL","NULL","NULL","NULL","disabled","counter","Current LSN value minus LSN at last checkpoint"
"log_lsn_buf_pool_oldest","recovery","0","NULL","NULL","NULL","0","NULL","NULL","NULL","NULL","NULL","NULL","NULL","disabled","value","The oldest modified block LSN in the buffer pool"
"log_max_modified_age_async","recovery","0","NULL","NULL","NULL","0","NULL","NULL","NULL","NULL","NULL","NULL","NULL","disabled","value","Maximum LSN difference; when exceeded, start asynchronous preflush"
"log_max_modified_age_sync","recovery","0","NULL","NULL","NULL","0","NULL","NULL","NULL","NULL","NULL","NULL","NULL","disabled","value","Maximum LSN difference; when exceeded, start synchronous preflush"
"log_pending_log_writes","recovery","0","NULL","NULL","NULL","0","NULL","NULL","NULL","NULL","NULL","NULL","NULL","disabled","counter","Pending log writes"
"log_pending_checkpoint_writes","recovery","0","NULL","NULL","NULL","0","NULL","NULL","NULL","NULL","NULL","NULL","NULL","disabled","counter","Pending checkpoints"
"log_num_log_io","recovery","0","NULL","NULL","NULL","0","NULL","NULL","NULL","NULL","NULL","NULL","NULL","disabled","counter","Number of log I/Os"
"log_waits","recovery","0","0","NULL","0","0","0","NULL","NULL","2023-09-09 08:53:06","NULL","42","NULL","enabled","status_counter","Number of log waits due to small log buffer (innodb_log_waits)"
"log_write_requests","recovery","569141","569141","NULL","13550.97619047619","569141","569141","NULL","NULL","2023-09-09 08:53:06","NULL","42","NULL","enabled","status_counter","Number of log write requests (innodb_log_write_requests)"
"log_writes","recovery","225","225","NULL","5.357142857142857","225","225","NULL","NULL","2023-09-09 08:53:06","NULL","42","NULL","enabled","status_counter","Number of log writes (innodb_log_writes)"
"compress_pages_compressed","compression","0","NULL","NULL","NULL","0","NULL","NULL","NULL","NULL","NULL","NULL","NULL","disabled","counter","Number of pages compressed"
"compress_pages_decompressed","compression","0","NULL","NULL","NULL","0","NULL","NULL","NULL","NULL","NULL","NULL","NULL","disabled","counter","Number of pages decompressed"
"compression_pad_increments","compression","0","NULL","NULL","NULL","0","NULL","NULL","NULL","NULL","NULL","NULL","NULL","disabled","counter","Number of times padding is incremented to avoid compression failures"
"compression_pad_decrements","compression","0","NULL","NULL","NULL","0","NULL","NULL","NULL","NULL","NULL","NULL","NULL","disabled","counter","Number of times padding is decremented due to good compressibility"
"index_page_splits","index","0","NULL","NULL","NULL","0","NULL","NULL","NULL","NULL","NULL","NULL","NULL","disabled","counter","Number of index page splits"
"index_page_merge_attempts","index","0","NULL","NULL","NULL","0","NULL","NULL","NULL","NULL","NULL","NULL","NULL","disabled","counter","Number of index page merge attempts"
"index_page_merge_successful","index","0","NULL","NULL","NULL","0","NULL","NULL","NULL","NULL","NULL","NULL","NULL","disabled","counter","Number of successful index page merges"
"index_page_reorg_attempts","index","0","NULL","NULL","NULL","0","NULL","NULL","NULL","NULL","NULL","NULL","NULL","disabled","counter","Number of index page reorganization attempts"
"index_page_reorg_successful","index","0","NULL","NULL","NULL","0","NULL","NULL","NULL","NULL","NULL","NULL","NULL","disabled","counter","Number of successful index page reorganizations"
"index_page_discards","index","0","NULL","NULL","NULL","0","NULL","NULL","NULL","NULL","NULL","NULL","NULL","disabled","counter","Number of index pages discarded"
"adaptive_hash_searches","adaptive_hash_index","8142328","8142328","NULL","193864.95238095237","8142328","8142328","NULL","NULL","2023-09-09 08:53:06","NULL","42","NULL","enabled","status_counter","Number of successful searches using Adaptive Hash Index"
"adaptive_hash_searches_btree","adaptive_hash_index","77634","77634","NULL","1848.4285714285713","77634","77634","NULL","NULL","2023-09-09 08:53:06","NULL","42","NULL","enabled","status_counter","Number of searches using B-tree on an index search"
"adaptive_hash_pages_added","adaptive_hash_index","0","NULL","NULL","NULL","0","NULL","NULL","NULL","NULL","NULL","NULL","NULL","disabled","counter","Number of index pages on which the Adaptive Hash Index is built"
"adaptive_hash_pages_removed","adaptive_hash_index","0","NULL","NULL","NULL","0","NULL","NULL","NULL","NULL","NULL","NULL","NULL","disabled","counter","Number of index pages whose corresponding Adaptive Hash Index entries were removed"
"adaptive_hash_rows_added","adaptive_hash_index","0","NULL","NULL","NULL","0","NULL","NULL","NULL","NULL","NULL","NULL","NULL","disabled","counter","Number of Adaptive Hash Index rows added"
"adaptive_hash_rows_removed","adaptive_hash_index","0","NULL","NULL","NULL","0","NULL","NULL","NULL","NULL","NULL","NULL","NULL","disabled","counter","Number of Adaptive Hash Index rows removed"
"adaptive_hash_rows_deleted_no_hash_entry","adaptive_hash_index","0","NULL","NULL","NULL","0","NULL","NULL","NULL","NULL","NULL","NULL","NULL","disabled","counter","Number of rows deleted that did not have corresponding Adaptive Hash Index entries"
"adaptive_hash_rows_updated","adaptive_hash_index","0","NULL","NULL","NULL","0","NULL","NULL","NULL","NULL","NULL","NULL","NULL","disabled","counter","Number of Adaptive Hash Index rows updated"
"file_num_open_files","file_system","14","14","14","NULL","14","14","14","NULL","2023-09-09 08:53:06","NULL","42","NULL","enabled","value","Number of files currently open (innodb_num_open_files)"
"ibuf_merges_insert","change_buffer","0","0","NULL","0","0","0","NULL","NULL","2023-09-09 08:53:06","NULL","42","NULL","enabled","status_counter","Number of inserted records merged by change buffering"
"ibuf_merges_delete_mark","change_buffer","0","0","NULL","0","0","0","NULL","NULL","2023-09-09 08:53:06","NULL","42","NULL","enabled","status_counter","Number of deleted records merged by change buffering"
"ibuf_merges_delete","change_buffer","0","0","NULL","0","0","0","NULL","NULL","2023-09-09 08:53:06","NULL","42","NULL","enabled","status_counter","Number of purge records merged by change buffering"
"ibuf_merges_discard_insert","change_buffer","0","0","NULL","0","0","0","NULL","NULL","2023-09-09 08:53:06","NULL","42","NULL","enabled","status_counter","Number of insert merged operations discarded"
"ibuf_merges_discard_delete_mark","change_buffer","0","0","NULL","0","0","0","NULL","NULL","2023-09-09 08:53:06","NULL","42","NULL","enabled","status_counter","Number of deleted merged operations discarded"
"ibuf_merges_discard_delete","change_buffer","0","0","NULL","0","0","0","NULL","NULL","2023-09-09 08:53:06","NULL","42","NULL","enabled","status_counter","Number of purge merged  operations discarded"
"ibuf_merges","change_buffer","0","0","NULL","0","0","0","NULL","NULL","2023-09-09 08:53:06","NULL","42","NULL","enabled","status_counter","Number of change buffer merges"
"ibuf_size","change_buffer","1","1","NULL","0.023809523809523808","1","1","NULL","NULL","2023-09-09 08:53:06","NULL","42","NULL","enabled","status_counter","Change buffer size in pages"
"innodb_master_thread_sleeps","server","0","NULL","NULL","NULL","0","NULL","NULL","NULL","NULL","NULL","NULL","NULL","disabled","counter","Number of times (seconds) master thread sleeps"
"innodb_activity_count","server","122673","122673","NULL","2920.785714285714","122673","122673","NULL","NULL","2023-09-09 08:53:06","NULL","42","NULL","enabled","status_counter","Current server activity count"
"innodb_master_active_loops","server","0","NULL","NULL","NULL","0","NULL","NULL","NULL","NULL","NULL","NULL","NULL","disabled","counter","Number of times master thread performs its tasks when server is active"
"innodb_master_idle_loops","server","0","NULL","NULL","NULL","0","NULL","NULL","NULL","NULL","NULL","NULL","NULL","disabled","counter","Number of times master thread performs its tasks when server is idle"
"innodb_background_drop_table_usec","server","0","NULL","NULL","NULL","0","NULL","NULL","NULL","NULL","NULL","NULL","NULL","disabled","counter","Time (in microseconds) spent to process drop table list"
"innodb_ibuf_merge_usec","server","0","NULL","NULL","NULL","0","NULL","NULL","NULL","NULL","NULL","NULL","NULL","disabled","counter","Time (in microseconds) spent to process change buffer merge"
"innodb_log_flush_usec","server","0","NULL","NULL","NULL","0","NULL","NULL","NULL","NULL","NULL","NULL","NULL","disabled","counter","Time (in microseconds) spent to flush log records"
"innodb_mem_validate_usec","server","0","NULL","NULL","NULL","0","NULL","NULL","NULL","NULL","NULL","NULL","NULL","disabled","counter","Time (in microseconds) spent to do memory validation"
"innodb_master_purge_usec","server","0","NULL","NULL","NULL","0","NULL","NULL","NULL","NULL","NULL","NULL","NULL","disabled","counter","Time (in microseconds) spent by master thread to purge records"
"innodb_dict_lru_usec","server","0","NULL","NULL","NULL","0","NULL","NULL","NULL","NULL","NULL","NULL","NULL","disabled","counter","Time (in microseconds) spent to process DICT LRU list"
"innodb_checkpoint_usec","server","0","NULL","NULL","NULL","0","NULL","NULL","NULL","NULL","NULL","NULL","NULL","disabled","counter","Time (in microseconds) spent by master thread to do checkpoint"
"innodb_dblwr_writes","server","166","166","NULL","3.9523809523809526","166","166","NULL","NULL","2023-09-09 08:53:06","NULL","42","NULL","enabled","status_counter","Number of doublewrite operations that have been performed (innodb_dblwr_writes)"
"innodb_dblwr_pages_written","server","9634","9634","NULL","229.38095238095238","9634","9634","NULL","NULL","2023-09-09 08:53:06","NULL","42","NULL","enabled","status_counter","Number of pages that have been written for doublewrite operations (innodb_dblwr_pages_written)"
"innodb_page_size","server","16384","16384","16384","NULL","16384","16384","16384","NULL","2023-09-09 08:53:06","NULL","42","NULL","enabled","value","InnoDB page size in bytes (innodb_page_size)"
"innodb_rwlock_s_spin_waits","server","236","236","NULL","5.619047619047619","236","236","NULL","NULL","2023-09-09 08:53:06","NULL","42","NULL","enabled","status_counter","Number of rwlock spin waits due to shared latch request"
"innodb_rwlock_x_spin_waits","server","556","556","NULL","13.238095238095237","556","556","NULL","NULL","2023-09-09 08:53:06","NULL","42","NULL","enabled","status_counter","Number of rwlock spin waits due to exclusive latch request"
"innodb_rwlock_s_spin_rounds","server","1611","1611","NULL","38.357142857142854","1611","1611","NULL","NULL","2023-09-09 08:53:06","NULL","42","NULL","enabled","status_counter","Number of rwlock spin loop rounds due to shared latch request"
"innodb_rwlock_x_spin_rounds","server","13390","13390","NULL","318.8095238095238","13390","13390","NULL","NULL","2023-09-09 08:53:06","NULL","42","NULL","enabled","status_counter","Number of rwlock spin loop rounds due to exclusive latch request"
"innodb_rwlock_s_os_waits","server","47","47","NULL","1.119047619047619","47","47","NULL","NULL","2023-09-09 08:53:06","NULL","42","NULL","enabled","status_counter","Number of OS waits due to shared latch request"
"innodb_rwlock_x_os_waits","server","417","417","NULL","9.928571428571429","417","417","NULL","NULL","2023-09-09 08:53:06","NULL","42","NULL","enabled","status_counter","Number of OS waits due to exclusive latch request"
"dml_reads","dml","0","0","NULL","0","0","0","NULL","NULL","2023-09-09 08:53:06","NULL","42","NULL","enabled","status_counter","Number of rows read"
"dml_inserts","dml","3919015","3919015","NULL","93309.88095238095","3919015","3919015","NULL","NULL","2023-09-09 08:53:06","NULL","42","NULL","enabled","status_counter","Number of rows inserted"
"dml_deletes","dml","0","0","NULL","0","0","0","NULL","NULL","2023-09-09 08:53:06","NULL","42","NULL","enabled","status_counter","Number of rows deleted"
"dml_updates","dml","0","0","NULL","0","0","0","NULL","NULL","2023-09-09 08:53:06","NULL","42","NULL","enabled","status_counter","Number of rows updated"
"ddl_background_drop_indexes","ddl","0","NULL","NULL","NULL","0","NULL","NULL","NULL","NULL","NULL","NULL","NULL","disabled","counter","Number of indexes waiting to be dropped after failed index creation"
"ddl_background_drop_tables","ddl","0","NULL","NULL","NULL","0","NULL","NULL","NULL","NULL","NULL","NULL","NULL","disabled","counter","Number of tables in background drop table list"
"ddl_online_create_index","ddl","0","NULL","NULL","NULL","0","NULL","NULL","NULL","NULL","NULL","NULL","NULL","disabled","counter","Number of indexes being created online"
"ddl_pending_alter_table","ddl","0","NULL","NULL","NULL","0","NULL","NULL","NULL","NULL","NULL","NULL","NULL","disabled","counter","Number of ALTER TABLE, CREATE INDEX, DROP INDEX in progress"
"icp_attempts","icp","0","NULL","NULL","NULL","0","NULL","NULL","NULL","NULL","NULL","NULL","NULL","disabled","counter","Number of attempts for index push-down condition checks"
"icp_no_match","icp","0","NULL","NULL","NULL","0","NULL","NULL","NULL","NULL","NULL","NULL","NULL","disabled","counter","Index push-down condition does not match"
"icp_out_of_range","icp","0","NULL","NULL","NULL","0","NULL","NULL","NULL","NULL","NULL","NULL","NULL","disabled","counter","Index push-down condition out of range"
"icp_match","icp","0","NULL","NULL","NULL","0","NULL","NULL","NULL","NULL","NULL","NULL","NULL","disabled","counter","Index push-down condition matches"
